name,label
02DrqeFGlO.jpg,21
02FjwMjQvF.jpg,21
06CKnynVGz.jpg,21
08w0mRTScA.jpg,21
0EhYKUDnkf.jpg,21
0MK3jVHuTF.jpg,21
0WR026tiZ7.jpg,21
0cMm3UjiJo.jpg,21
0ci5Dqn5iZ.jpg,21
0czbZP6k2t.jpg,21
0eMK5uUZFh.jpg,21
0jEpUYPrnY.jpg,21
0oh4Oj3MGb.jpg,21
11Mbj2vMxu.jpg,21
18jJ0lXpeZ.jpg,21
1BxJpV4IcY.jpg,21
1CTfuKTzm2.jpg,21
1Cas5TfD5m.jpg,21
1ShePyf6K3.jpg,21
1YUpT7gS16.jpg,21
1dq2fb1OVm.jpg,21
1fUQ325noH.jpg,21
1ninACqLFE.jpg,21
206zWz2hIv.jpg,21
20nsnReBgc.jpg,21
23HPmyRMpP.jpg,21
27tFN4BFEW.jpg,21
2AhsY477D4.jpg,21
2F7PzEdsE7.jpg,21
2IZNwa7ZEw.jpg,21
2InooDIcNm.jpg,21
2KGuU6ipg6.jpg,21
2L0zJGFmFa.jpg,21
2YdzTRZmLB.jpg,21
2brNYbvZdK.jpg,21
2cSr6xnqyj.jpg,21
2jVVVvCaky.jpg,21
2qN78Yccna.jpg,21
2xEN63MT9R.jpg,21
2yKisHpvPm.jpg,21
32pM4Lbpcv.jpg,21
37VF6QJy1i.jpg,21
3ET1N1UIJw.jpg,21
3GpgLzYnb8.jpg,21
3Ppwc0uL1A.jpg,21
3UGUMBTUmw.jpg,21
3hyAJlwqOx.jpg,21
3iZdrkydy5.jpg,21
3jKsHeqU2H.jpg,21
3w8EdrAGrg.jpg,21
3yqY2YFN2F.jpg,21
3yrS0jXro5.jpg,21
3zElvRdhCJ.jpg,21
4AP2AmEcM1.jpg,21
4DvBLEt9hB.jpg,21
4SwFYjfcG2.jpg,21
4aXmkhEwpr.jpg,21
4dpGdQONRe.jpg,21
4iKYBXgQ02.jpg,21
4loO6fZqfa.jpg,21
4r38dTNfMi.jpg,21
55vOWtmS6R.jpg,21
5630eqsbnS.jpg,21
56xWMkIvlA.jpg,21
5GxOdxdNmY.jpg,21
5JxGulm6qg.jpg,21
5P9tMZg5jO.jpg,21
5U578oqCih.jpg,21
5WmWWEZYY6.jpg,21
5YPu6MWTgI.jpg,21
5fM6iePitc.jpg,21
5fWwdv2Kw5.jpg,21
5mj513oM5j.jpg,21
5n1vKiUW4d.jpg,21
5vWZATP38N.jpg,21
60C3GdgFfS.jpg,21
61YuMTnRsG.jpg,21
63SOQSSz2I.jpg,21
69O0LBNIhq.jpg,21
6D8qwO5Dp6.jpg,21
6G9HHs92Rh.jpg,21
6J4yc7CCTg.jpg,21
6REg35nqBz.jpg,21
6VoGaMJThb.jpg,21
6XQ4z0AuU1.jpg,21
6eK0W5vFXo.jpg,21
6eaKi3tMsq.jpg,21
6i2yao7GZV.jpg,21
6lzTyxtrIN.jpg,21
6r0yajkU1t.jpg,21
71hCzOfhdo.jpg,21
71tOxPXINY.jpg,21
7CuyUNgOY0.jpg,21
7KHrVMJ6zw.jpg,21
7WbxgOcndW.jpg,21
7kftCF8jk7.jpg,21
7qLC4EWPVD.jpg,21
7rQAm0QSWP.jpg,21
7rcvMvdeC2.jpg,21
85BHMI5CbE.jpg,21
8E1gNpA262.jpg,21
8Hr7CpPN1P.jpg,21
8IT0PUfXIr.jpg,21
8J2lU2B16i.jpg,21
8PDsJH38FG.jpg,21
8PXmF9sD1z.jpg,21
8R8YFlTeAy.jpg,21
8UollQC0g2.jpg,21
8YXoJV64KB.jpg,21
8jUBmUophW.jpg,21
8muSNWrOMc.jpg,21
8tWuqrdL8i.jpg,21
8wRaPNYK3d.jpg,21
94cUx16VRO.jpg,21
951bfTjrKM.jpg,21
979SBcfxKM.jpg,21
9EHFyvhHR1.jpg,21
9EU415g5B9.jpg,21
9QDrQOPgne.jpg,21
9RhutyB6kQ.jpg,21
9T1cWO4l4I.jpg,21
9aq33BMRdB.jpg,21
9dIoOUIHkR.jpg,21
9eXsQEGpFf.jpg,21
9fR0mlXCu9.jpg,21
9glHV3NNEd.jpg,21
9qrwkoOUge.jpg,21
9t6ykBK6ke.jpg,21
A1PfYJ1F5I.jpg,21
AB6bfQ21P9.jpg,21
AGMPNHdHeK.jpg,21
AGjgvvx7lm.jpg,21
AVNt40NeYL.jpg,21
Ad7khQkgdl.jpg,21
AfBIVRDutc.jpg,21
AnZlQwqSH3.jpg,21
AvKisHBCN7.jpg,21
AwklESGT98.jpg,21
BNs6FbpN0M.jpg,21
BQfZzjFQZr.jpg,21
BR2rQDTr2c.jpg,21
BdYqyBhShW.jpg,21
BoDcPoyMw7.jpg,21
Bshev8NkAo.jpg,21
Bza4QxPLiW.jpg,21
C1NO7fnqTx.jpg,21
C6UPBoJ71W.jpg,21
C8u8uADG80.jpg,21
C9PzGUZJzI.jpg,21
CLJBueFYr9.jpg,21
CLWcPKakrV.jpg,21
CPMOftePPs.jpg,21
CQCGx58DU3.jpg,21
CTx6qk0KbY.jpg,21
Ca11aKWl9F.jpg,21
Ccu2YQ9qAI.jpg,21
Cnyx0fS9n8.jpg,21
DETBA8h0CG.jpg,21
DHhTHiVdav.jpg,21
DTKqZl3Sb4.jpg,21
DbD9qHvBRM.jpg,21
Dbs00coR45.jpg,21
Dbtqy87d7r.jpg,21
DodjNlcPtk.jpg,21
E2oH7XkfYZ.jpg,21
EIZZ3SBpse.jpg,21
Ebmkhw22Zp.jpg,21
EciGGriRQ5.jpg,21
EkHp1BuGg9.jpg,21
EoHtIYNv1Z.jpg,21
EulWd3Zl9k.jpg,21
EupzO4d8fQ.jpg,21
Ey5Y6pyG6b.jpg,21
EyAH386QAn.jpg,21
F56mDMUYNz.jpg,21
F75JGwB5ma.jpg,21
F7cswmEzyQ.jpg,21
FBzF4QWAR5.jpg,21
FCgw22eh8O.jpg,21
FJqSQiXVtQ.jpg,21
FUKbwNOb3h.jpg,21
FaCKC49ARp.jpg,21
FlchGyTjFX.jpg,21
FtFbdNQfOl.jpg,21
FtRcont41D.jpg,21
FwLsVUkG2J.jpg,21
FxkLnFWfaD.jpg,21
GDDFWKRfn8.jpg,21
GDJyYzvt54.jpg,21
GKPbeEGwbY.jpg,21
GKY5v9PwQ8.jpg,21
GNNAd786zH.jpg,21
GVA0CxHh9y.jpg,21
Gf8pCeLZ61.jpg,21
GiM1WPoj3o.jpg,21
GkvSSeSE1i.jpg,21
GlABwN8IsD.jpg,21
GpTbIuNQLH.jpg,21
Gy19x4LPFY.jpg,21
Gy8g1tzGVH.jpg,21
H2hj8sG7gT.jpg,21
H3iUS5sZWz.jpg,21
H5CY9JAXee.jpg,21
H8zY3bYtq2.jpg,21
HGBs7LdjgW.jpg,21
HJPo78jjDY.jpg,21
HRY1JGlZVf.jpg,21
HTYrmQywAO.jpg,21
HZVaqLZiDE.jpg,21
Ha8TQMhZSo.jpg,21
HhlJW3nH3C.jpg,21
HqRuld2Fws.jpg,21
Hz3iHLn6gq.jpg,21
I2vrOIGT8c.jpg,21
I6GfQkAIcZ.jpg,21
I8Uw1DeFXb.jpg,21
IAAJhBGqIf.jpg,21
IHg1hFIcH3.jpg,21
IHyxECBPoP.jpg,21
IbVeqgOxjd.jpg,21
IgtVgBLRzb.jpg,21
IhQpBGsD3e.jpg,21
Ipz2Rdqa4r.jpg,21
Ix6ITJMR8X.jpg,21
IxwbAeNW4s.jpg,21
J4zkjb1dIq.jpg,21
J8x5sfFmNs.jpg,21
JBvQMjVY3c.jpg,21
JEh4Kb4b6c.jpg,21
JFk4EZcjBp.jpg,21
JJVGfFuKkP.jpg,21
JQEo38kucu.jpg,21
JYaTJ0kVqy.jpg,21
Jb6zFcRaGg.jpg,21
Jcoz93NjFL.jpg,21
JkJP4v6gT5.jpg,21
JmlFhrB3v1.jpg,21
JoVc4vKDit.jpg,21
JpGaLUgRar.jpg,21
K0f2hDpyN1.jpg,21
K2BVWgha3G.jpg,21
K7lpynYvA0.jpg,21
K9zF18AjPa.jpg,21
KJgHTZcc2f.jpg,21
KJoblI5X0s.jpg,21
KNPnHTYP2U.jpg,21
KO2DtPCivy.jpg,21
KSlcSHlYMG.jpg,21
KTbL5XOoiu.jpg,21
KWFa1yRylO.jpg,21
KalM3HAFLW.jpg,21
Kbh6yCPJVJ.jpg,21
KejRV8miAH.jpg,21
KhCQoXh1hJ.jpg,21
KoSR2vRmgY.jpg,21
KoV3M5v109.jpg,21
Kw6mNTNQ0T.jpg,21
L7Odfnchot.jpg,21
L8xsdrpU3Z.jpg,21
LH8D1RyBEP.jpg,21
LIQQMHtDPi.jpg,21
LQNYQxpFVh.jpg,21
LRTIQ1HtbN.jpg,21
LVRKvChwHt.jpg,21
LWjLiVmBWW.jpg,21
LgGL8jKCUM.jpg,21
LgsNXLQx5q.jpg,21
LrXfGWhQ2k.jpg,21
LtiwoHUa6X.jpg,21
LuMMZV8P2Z.jpg,21
M066QvRRdC.jpg,21
M1hzQ5BzEX.jpg,21
M2TqyEji5K.jpg,21
M7vStWu5ry.jpg,21
MCc9FF7TGv.jpg,21
MDOCHVPEGz.jpg,21
MFPE1e0v80.jpg,21
MPYHSjczTr.jpg,21
MXwTMQXg6Y.jpg,21
MlJDz3kWou.jpg,21
MwcrBvvn09.jpg,21
N8HlV446Ug.jpg,21
NBHumf5SIE.jpg,21
NDeFfktnlC.jpg,21
NHDXwY71w6.jpg,21
NLBRHQcZlQ.jpg,21
NMQOJNJt2w.jpg,21
NMiC4bJ0BL.jpg,21
NMrbVA4ACn.jpg,21
NTumdiKk3K.jpg,21
NbI03r9Uuf.jpg,21
Ndr3Z1KIy8.jpg,21
NgLsqhuhz0.jpg,21
Nj9eXGciWA.jpg,21
NofBGtSHvt.jpg,21
NooXMQ3gPX.jpg,21
Nq3fDBiPAf.jpg,21
NqKeNxng5R.jpg,21
NrYliiGzJC.jpg,21
O1xIjNcU8X.jpg,21
O2EeUXszF4.jpg,21
O8nU4lTfHp.jpg,21
OGjQVGSkpI.jpg,21
OHaEvWJ3Kc.jpg,21
OOlFCFKRcH.jpg,21
OT7hGrbRAT.jpg,21
OTpEP1FcsJ.jpg,21
OcJJZGyeSj.jpg,21
OdJeQBcF8R.jpg,21
Oymor9synM.jpg,21
P1mfZv3mpJ.jpg,21
P2Bm3I4YWT.jpg,21
P55l2f94IQ.jpg,21
P9Cybq1n8D.jpg,21
PE4g8OqxQW.jpg,21
PHROQuUjxG.jpg,21
PJXtrIKknS.jpg,21
PJyO9PWVMK.jpg,21
PZUeXmldp8.jpg,21
PZVm7jrYno.jpg,21
PpJbr0wVDr.jpg,21
PpwcV6hnNr.jpg,21
Q5unp5iI7I.jpg,21
Q7Zepkixa2.jpg,21
QCTk04rccn.jpg,21
QErX10EJkh.jpg,21
QICZ0GSnG5.jpg,21
QOEsGeVzuc.jpg,21
QQ5CF0r4vD.jpg,21
Qa1Xgr6vRw.jpg,21
QdkQPOH5xb.jpg,21
QiQXsOKmyS.jpg,21
QiRaYv6UXa.jpg,21
Qk0xNImhya.jpg,21
QxKrWl348H.jpg,21
R42EwWTKEk.jpg,21
R4oDpR2ktz.jpg,21
R91eWhhXAS.jpg,21
RGn6gFNUF7.jpg,21
RNWiJFPGfa.jpg,21
RPD9FDErHL.jpg,21
RPQgMBj9Aw.jpg,21
RQAkh6KG91.jpg,21
RQwhqvIhLS.jpg,21
RRKlzTDvxn.jpg,21
RU2376vE8R.jpg,21
RYb2uXEQje.jpg,21
Rm6Hwp60i0.jpg,21
RscvTlBZXa.jpg,21
S4MfeyJzK3.jpg,21
S6aReu1X10.jpg,21
S7zPPWysXR.jpg,21
SBzPFwxRsO.jpg,21
SHpaEqDGql.jpg,21
SN2Gb8gUpt.jpg,21
SPZaw9x0ft.jpg,21
SUmSQTy8YK.jpg,21
SVG0uUDj8T.jpg,21
SVe8wtRuJi.jpg,21
SWnCBdBaT8.jpg,21
SWvrFUEmN3.jpg,21
TBaZjn8vxo.jpg,21
TJHiVeppvd.jpg,21
TXJA0hGpXe.jpg,21
TXcvo9e99o.jpg,21
TdY9eEian5.jpg,21
ThBiSyeors.jpg,21
ThszzSJrZu.jpg,21
TpTNCqPE2b.jpg,21
TsVBYXJIK5.jpg,21
Tuhi9SBVYz.jpg,21
U5gIEf9mfo.jpg,21
UB0XKLGkUs.jpg,21
UGfKUQNBwk.jpg,21
UJvUMttPWi.jpg,21
USD13WhJCi.jpg,21
UiKLXTchzr.jpg,21
UlEThxFSyv.jpg,21
UuvzI6Yzz7.jpg,21
UxJJRnFIoX.jpg,21
VAxWbQUikK.jpg,21
VDjVOFGF9U.jpg,21
VGfIZqVIa4.jpg,21
VIcCyOM1Mx.jpg,21
VNLkz1bsvo.jpg,21
VT2OORn2o9.jpg,21
VUlhWWP1xp.jpg,21
VXdNPIpmmC.jpg,21
VYL7ujQJOp.jpg,21
VrU8irvyO8.jpg,21
VxryykLIp4.jpg,21
VzrQfeuJ8n.jpg,21
WFPYSHGqeE.jpg,21
WFx78n4XxY.jpg,21
WPES7poLZ2.jpg,21
WPG89KkmsT.jpg,21
WWIt4BayUQ.jpg,21
WY93NAQDOK.jpg,21
WcSyCXhIJZ.jpg,21
WfhbXZNr2O.jpg,21
Wgk1NFb2XF.jpg,21
WpQ7rHGDj8.jpg,21
WtLXjAheFA.jpg,21
WxJPsmWYts.jpg,21
X2oqsZH0yN.jpg,21
X3fui7gShG.jpg,21
XCRgyKDmhg.jpg,21
XDfHtMT9ib.jpg,21
XF9Q97MG4q.jpg,21
XHNAwV8eaL.jpg,21
XJPoMMHvdJ.jpg,21
XNzC54cJrt.jpg,21
XOm9aPhzyc.jpg,21
XQO89wSxYe.jpg,21
XUMmn1IkVo.jpg,21
XYxFnf646M.jpg,21
XaB7sl2Ouf.jpg,21
XieN8IBkJD.jpg,21
XzOW3ZG4qe.jpg,21
YClprUIiNg.jpg,21
YPybveSw0b.jpg,21
YQyE5PCz0t.jpg,21
YRSmvX3fKy.jpg,21
YRoNGH9bSF.jpg,21
YWwO2NbDFT.jpg,21
YdzZGfnxjM.jpg,21
YgaSOohCA6.jpg,21
YiT0gqMRwI.jpg,21
YjMEZNBNbz.jpg,21
YjbcorPjhi.jpg,21
YlmjFE9UMq.jpg,21
YrkMTm01bt.jpg,21
YuYmUPedyD.jpg,21
YvdrJnO7pT.jpg,21
YzDzSI26rM.jpg,21
Z3M7mPQNBk.jpg,21
Z4yPj0mQAc.jpg,21
Z6CXm6CtLH.jpg,21
Z9ibvPfvcv.jpg,21
ZCcEpmLhSA.jpg,21
ZKQYy1gzLo.jpg,21
Zaa1uOEvfp.jpg,21
ZqvjTquzdN.jpg,21
ZvZI0qdOk0.jpg,21
ZwmDnQAhnP.jpg,21
a7Do2IZDOt.jpg,21
a7UvZXoLsr.jpg,21
a8w2GXiJV7.jpg,21
a9qxpd5OGc.jpg,21
aBKTz7ZW80.jpg,21
aErGPaYL2N.jpg,21
aNLB3xEpAz.jpg,21
aRYnz5p5TS.jpg,21
aWXbWcBnAf.jpg,21
ac6wnUNYVu.jpg,21
adq9IwLCi8.jpg,21
ae3Z1Xtthr.jpg,21
aeKnoXdXc9.jpg,21
ah1Qi0bJ2k.jpg,21
algePEXviD.jpg,21
anCjvcwJ3M.jpg,21
aos9GnikHX.jpg,21
awuiRsHVLf.jpg,21
b7WQno7pXp.jpg,21
b7pvnkiPhA.jpg,21
bFePoSQT77.jpg,21
bGoC4ptixb.jpg,21
bHtk3FUcrf.jpg,21
bIceaKAQ2f.jpg,21
bTKFwzYZHo.jpg,21
bTehiZrWc6.jpg,21
bbGvyhJkGt.jpg,21
bdA63LoeAK.jpg,21
c60RwSEy8e.jpg,21
c8cBOXQm9S.jpg,21
cDC9MlvTYS.jpg,21
cFs6NOd8EK.jpg,21
cH5RAR5XZa.jpg,21
cIWUggJcHi.jpg,21
cKUIwshZzd.jpg,21
cPAFxOqMw1.jpg,21
cTHhPV28Am.jpg,21
cTPJj5MugV.jpg,21
ccgHqdCeCQ.jpg,21
ci3oRYHCbY.jpg,21
cobGmnjgX1.jpg,21
csO49FZ2qS.jpg,21
cy2VRxCiNs.jpg,21
cyvhiQIGWa.jpg,21
d9etwghnpa.jpg,21
dII1cV71Jv.jpg,21
dXHbN8Xorh.jpg,21
df64uuGj9n.jpg,21
dgKCMs2qrb.jpg,21
djt8aBfOfM.jpg,21
dkrjtyDiUB.jpg,21
dotb44sbfx.jpg,21
dqtnQq9GDE.jpg,21
e2dUncahYb.jpg,21
eAYbxFLo9f.jpg,21
eAog12IIF9.jpg,21
eBXCYkBH7z.jpg,21
eO1fje7QTQ.jpg,21
emJtwyV9xA.jpg,21
f3cWULLLkb.jpg,21
f5YxvmzbxH.jpg,21
f7L4vRxbsf.jpg,21
f7TxlQkgOq.jpg,21
fAn1D83yTt.jpg,21
fGvEqlSkbP.jpg,21
fLsQxkckkj.jpg,21
fNNnYKIRCr.jpg,21
fOv8pCIDNC.jpg,21
fPOscE9j1E.jpg,21
feNT91oFav.jpg,21
frxE2J45sb.jpg,21
ftPUpSFEer.jpg,21
fuPNOSj7rl.jpg,21
fyRYo5uDcy.jpg,21
fz2Pvk0AK2.jpg,21
g2KyeUC06B.jpg,21
g7gDi9xyjm.jpg,21
g99ATkuD8T.jpg,21
g9UtQREPPf.jpg,21
gBWrpnxwTM.jpg,21
gBopENKjdo.jpg,21
gE8EIqLrSY.jpg,21
gMWOaGuPM6.jpg,21
gNciFqAUBl.jpg,21
gO49PvOkGI.jpg,21
gON4HBLaRH.jpg,21
gYojyPQKh3.jpg,21
gexazsgPoP.jpg,21
gogPtDu6jP.jpg,21
gpX9kBrqmp.jpg,21
h82PUfXtbm.jpg,21
hN3uqBHAR1.jpg,21
hV7xYJfMOx.jpg,21
hYZ7IaDA7t.jpg,21
hiMwo6ZNgd.jpg,21
huqLoHdvIL.jpg,21
hz3D5aOeW3.jpg,21
i186OfJm9s.jpg,21
i3eJmfy7eL.jpg,21
i5wtC0JFW9.jpg,21
iDr0IQ5DDQ.jpg,21
iFdIo1BYzh.jpg,21
iJHL8fa2mx.jpg,21
iRNtbnei3D.jpg,21
iW12N7PTJo.jpg,21
iY9eyASP0x.jpg,21
id7hCxKf7v.jpg,21
ikCE9JQNHv.jpg,21
ipuR2KH3PO.jpg,21
iz8plF4VHu.jpg,21
jFP7hdNShG.jpg,21
jZDwI1B7Fn.jpg,21
jZddBy8xwr.jpg,21
jbHtvptw4u.jpg,21
jerkmmxnKU.jpg,21
jiLfmoOGkE.jpg,21
jjIUTkVyit.jpg,21
jjsfoFHPvC.jpg,21
jtcAzvBMsl.jpg,21
kANTMFPcKl.jpg,21
kCq26i4POJ.jpg,21
kDmWn1leO8.jpg,21
kWrttfEbAA.jpg,21
kXLv7oBoIl.jpg,21
kdKKMwEZfi.jpg,21
kebpl8CKOW.jpg,21
kg3k3keXRJ.jpg,21
klj9PcL6Dq.jpg,21
kxINXQ6wBS.jpg,21
kyG8VkBkA2.jpg,21
l19nXFdg6y.jpg,21
l4s9Qeq8FV.jpg,21
l9dIeOMXLQ.jpg,21
lAX9TD65BD.jpg,21
lG3nVGvSew.jpg,21
lPvfPglk7H.jpg,21
lQWpioPWSu.jpg,21
lWDOqwljsx.jpg,21
lXq0C5i621.jpg,21
lgJ9QPuOb3.jpg,21
lh0UbJzb4E.jpg,21
lhVyymNKc8.jpg,21
ll9UTrKRAH.jpg,21
lrG09LMjx2.jpg,21
m4bEOpRrVM.jpg,21
m9xiIrt5tJ.jpg,21
mBHiNs3Tp8.jpg,21
mIv68si79u.jpg,21
mKA37uUBfK.jpg,21
mMdQ2eBXKg.jpg,21
maGrJvzjRn.jpg,21
mg8kMCtfZt.jpg,21
mh3pIdWCoS.jpg,21
mi2txWBdWM.jpg,21
mmT0ApZYO8.jpg,21
mrHoa9XhiM.jpg,21
mrQAO0XCNU.jpg,21
n2L2ET2e2D.jpg,21
n479xdAnwz.jpg,21
n7IPXarwJy.jpg,21
n7sCfukyxU.jpg,21
n8OFeug6R5.jpg,21
nA4aoAL2xJ.jpg,21
nBPy5cAJFb.jpg,21
nCth5hHMIV.jpg,21
nLhQmhumYU.jpg,21
nR5i7D5MG8.jpg,21
nWfekI5nZn.jpg,21
nXM3897HIe.jpg,21
ndAwPJA64b.jpg,21
nfqlHBl057.jpg,21
nitLTi8Mgr.jpg,21
nmZUMVKY05.jpg,21
ny87XcoKa7.jpg,21
o7XvP3h0eA.jpg,21
oGqrApr2KK.jpg,21
oIAnv40PTl.jpg,21
oMHrooa5s3.jpg,21
oR9m0G6R5Q.jpg,21
oVnFL1h6IF.jpg,21
oXcNcwfkwy.jpg,21
od1a0Y1X6X.jpg,21
oel0Muemtg.jpg,21
oiJc0R5y51.jpg,21
onR3dmBOkO.jpg,21
ovSNhsQiz8.jpg,21
p2pKsCsN5S.jpg,21
p4vqgJSepm.jpg,21
p506dQKIkY.jpg,21
p9Fxofhtug.jpg,21
pDs27ykY9v.jpg,21
pLc5v6osjm.jpg,21
pOtkOQ6vmA.jpg,21
pRqTHeCAHt.jpg,21
pd0IxpVnNa.jpg,21
pi7uaYfpzz.jpg,21
pre5uRc5Kp.jpg,21
ps1sMgZ31k.jpg,21
pvkhhbjq4C.jpg,21
qD6dlrcTVr.jpg,21
qFqA859mKU.jpg,21
qGxYv4ijmE.jpg,21
qUYEDVwHnF.jpg,21
qXgQiWUHCu.jpg,21
qZAr3UhGgI.jpg,21
qclkBNDb1N.jpg,21
qfutAZh1q0.jpg,21
qt6Nxqmfjy.jpg,21
qyKxPAtCXR.jpg,21
rbifMmMDRW.jpg,21
rcTfANvo9Q.jpg,21
reDTUXNMrk.jpg,21
rnBYFVF6v4.jpg,21
rpbXTiNAVk.jpg,21
rsPnRZwQOo.jpg,21
ruF22K57jb.jpg,21
rvkSAn0KLS.jpg,21
rzpVnLB3RJ.jpg,21
s3YAhesbgj.jpg,21
s4PAZ5eHxw.jpg,21
s6icgEmzde.jpg,21
s7Iacg2Bdf.jpg,21
sAx0o6FCHk.jpg,21
sIezjRA9Z8.jpg,21
sazu00QOpY.jpg,21
sm1jJRkA9L.jpg,21
smt6KikAUD.jpg,21
sn1yUV3QVh.jpg,21
snKdQPgPmi.jpg,21
st8NdajQZW.jpg,21
stmxEc2uTM.jpg,21
swd2akTeNX.jpg,21
syCk9GYKOK.jpg,21
t0K7i21jSG.jpg,21
t3OKSw5Jh0.jpg,21
t3xNF3Qspg.jpg,21
t53YNK8zpG.jpg,21
t5vryh37lO.jpg,21
tKRd9mLvAK.jpg,21
tNAqBio3Xu.jpg,21
tU2yWT3aal.jpg,21
tWFvuBdN6m.jpg,21
tlu8c4MBHP.jpg,21
u3Bg4XwN5x.jpg,21
u3kIjXV1V3.jpg,21
uClJsUvNrr.jpg,21
uHD9zjuo8w.jpg,21
uKNwi2P8yD.jpg,21
uWMN9VUZmW.jpg,21
uX347lVr8J.jpg,21
uf4nfKzTiD.jpg,21
uix0QAKhdS.jpg,21
umvobBs7NR.jpg,21
vDhJ4crotI.jpg,21
vHT9AIPFJp.jpg,21
vIonvy5UjY.jpg,21
vJS8GwIUDL.jpg,21
vTBi4lbNXz.jpg,21
vbxqmhB59e.jpg,21
vfztmE721J.jpg,21
vj8LqxkIey.jpg,21
vkEWuXfh8y.jpg,21
w27Sc0wPKJ.jpg,21
w2cTF17Rmj.jpg,21
w4cGg0jyFM.jpg,21
wBbPQolSyK.jpg,21
wHHNp53WQV.jpg,21
wImGAUc9zT.jpg,21
wLze9IvrlT.jpg,21
wRs9kuwUjp.jpg,21
we7Ii1bJZa.jpg,21
wgGNXk0nTi.jpg,21
whYIvY76A0.jpg,21
wiMrxFpasC.jpg,21
wj5Bz5f7bb.jpg,21
wokqnxlEGe.jpg,21
wp26bHebmS.jpg,21
wqVncqUgLr.jpg,21
wr0bzlnMci.jpg,21
wuk3ZnK4xe.jpg,21
xAHdiXa20q.jpg,21
xVobcCfV5w.jpg,21
xXXqXVjhR7.jpg,21
xa4pIMOh7k.jpg,21
xadRAkqh2J.jpg,21
xb1yurHtZq.jpg,21
xfWtKK9rG0.jpg,21
xhNlji74ag.jpg,21
xvJePOaWRw.jpg,21
xziHUzehRO.jpg,21
yBsGMR5xNh.jpg,21
yFOeiLHrDt.jpg,21
yMhGsTlspB.jpg,21
yNq5XAp6cS.jpg,21
yTxru5aBfv.jpg,21
yUoEaix4Lb.jpg,21
yYmeGwCihh.jpg,21
ycSY09KNld.jpg,21
ynZuwkyEkD.jpg,21
yx8dNg7BS1.jpg,21
z9bUV1JNzw.jpg,21
z9tkGoLwPs.jpg,21
zAbCO7GDGs.jpg,21
zEv4x2PwwG.jpg,21
zSdKYrx7if.jpg,21
zUxVvegUWT.jpg,21
zl9Uc84NQx.jpg,21
